"Appareil";"Nom=";"Four Thermidor Efita";;"Numéro de série=";"8470479";;"Version de logiciel=";"5.4"
;"Adresse MAC=";"00:0A:8D:81:3F:CF";;"Langue=";"fr";;"Pays=";"FR";;"Fuseau horaire=";"GMT"
"Groupe";"Group 2"
"T° Bac trempe";"Bas=";0,0;"Haut=";50,0;"Unités=";"°C"
"% Puissance";"Bas=";0,0;"Haut=";100,0;"Unités=";"%"
"Consigne T°";"Bas=";50,0;"Haut=";550,0;"Unités=";"°C"
"N° Programme";"Bas=";0;"Haut=";50;"Unités=";""
"Chrono Trempe";"Bas=";"00:00:00";"Haut=";"00:00:00";"Unités=";""
"Date/Heure";;"T° Bac trempe";"% Puissance";"Consigne T°";"N° Programme";"Chrono Trempe"
;;"°C";"%";"°C";"";""
"24/05/23 15:55:52.125";"24/05/23 15:55:52 Démarrage lot (Invité)"
"24/05/23 15:55:52.125";"24/05/23 15:55:52 N° OF 357701-350531-351832--5686OFF"
"24/05/23 15:55:52.125";;24,9;19,9;495,0;5;"00:00:00"
"24/05/23 15:56:00";;24,8;20,8;495,0;5;"00:00:00"
"24/05/23 15:56:10";;24,8;20,6;495,0;5;"00:00:00"
"24/05/23 15:56:20";;24,8;20,6;495,0;5;"00:00:00"
"24/05/23 15:56:30";;24,7;20,6;495,0;5;"00:00:00"
"24/05/23 15:56:40";;24,7;20,6;495,0;5;"00:00:00"
"24/05/23 15:56:50";;24,8;20,6;495,0;5;"00:00:00"
"24/05/23 15:57:00";;24,8;20,6;495,0;5;"00:00:00"
"24/05/23 15:57:10";;24,8;20,6;495,0;5;"00:00:00"
"24/05/23 15:57:20";;24,8;20,6;495,0;5;"00:00:00"
"24/05/23 15:57:30";;24,8;20,6;495,0;5;"00:00:00"
"24/05/23 15:57:40";;24,8;20,6;495,0;5;"00:00:00"
"24/05/23 15:57:50";;24,8;49,9;495,0;5;"00:00:00"
"24/05/23 15:58:00";;24,8;100,0;495,0;5;"00:00:00"
"24/05/23 15:58:10";;24,8;100,0;495,0;5;"00:00:00"
"24/05/23 15:58:20";;24,8;100,0;495,0;5;"00:00:00"
"24/05/23 15:58:30";;24,8;100,0;495,0;5;"00:00:00"
"24/05/23 15:58:40";;24,8;100,0;495,0;5;"00:00:00"
"24/05/23 15:58:50";;24,8;100,0;495,0;5;"00:00:00"
"24/05/23 15:59:00";;24,8;100,0;495,0;5;"00:00:00"
"24/05/23 15:59:10";;24,8;100,0;495,0;5;"00:00:00"
"24/05/23 15:59:20";;24,8;100,0;495,0;5;"00:00:00"
"24/05/23 15:59:30";;24,8;100,0;495,0;5;"00:00:00"
"24/05/23 15:59:40";;24,8;100,0;495,0;5;"00:00:00"
"24/05/23 15:59:50";;24,8;100,0;495,0;5;"00:00:00"
"24/05/23 16:00:00";;24,8;100,0;495,0;5;"00:00:00"
"24/05/23 16:00:10";;24,8;100,0;495,0;5;"00:00:00"
"24/05/23 16:00:20";;24,8;100,0;495,0;5;"00:00:00"
"24/05/23 16:00:30";;24,8;100,0;495,0;5;"00:00:00"
"24/05/23 16:00:40";;24,8;100,0;495,0;5;"00:00:00"
"24/05/23 16:00:50";;24,7;100,0;495,0;5;"00:00:00"
"24/05/23 16:01:00";;24,7;100,0;495,0;5;"00:00:00"
"24/05/23 16:01:10";;24,7;100,0;495,0;5;"00:00:00"
"24/05/23 16:01:20";;24,7;100,0;495,0;5;"00:00:00"
"24/05/23 16:01:30";;24,7;100,0;495,0;5;"00:00:00"
"24/05/23 16:01:40";;24,7;100,0;495,0;5;"00:00:00"
"24/05/23 16:01:50";;24,7;100,0;495,0;5;"00:00:00"
"24/05/23 16:02:00";;24,7;100,0;495,0;5;"00:00:00"
"24/05/23 16:02:10";;24,7;100,0;495,0;5;"00:00:00"
"24/05/23 16:02:20";;24,8;100,0;495,0;5;"00:00:00"
"24/05/23 16:02:30";;24,8;100,0;495,0;5;"00:00:00"
"24/05/23 16:02:40";;24,7;100,0;495,0;5;"00:00:00"
"24/05/23 16:02:50";;24,7;100,0;495,0;5;"00:00:00"
"24/05/23 16:03:00";;24,7;100,0;495,0;5;"00:00:00"
"24/05/23 16:03:10";;24,7;100,0;495,0;5;"00:00:00"
"24/05/23 16:03:20";;24,7;100,0;495,0;5;"00:00:00"
"24/05/23 16:03:30";;24,7;100,0;495,0;5;"00:00:00"
"24/05/23 16:03:40";;24,7;100,0;495,0;5;"00:00:00"
"24/05/23 16:03:50";;24,7;100,0;495,0;5;"00:00:00"
"24/05/23 16:04:00";;24,7;100,0;495,0;5;"00:00:00"
"24/05/23 16:04:10";;24,7;100,0;495,0;5;"00:00:00"
"24/05/23 16:04:20";;24,7;100,0;495,0;5;"00:00:00"
"24/05/23 16:04:30";;24,7;100,0;495,0;5;"00:00:00"
"24/05/23 16:04:40";;24,7;100,0;495,0;5;"00:00:00"
"24/05/23 16:04:50";;24,7;100,0;495,0;5;"00:00:00"
"24/05/23 16:05:00";;24,7;100,0;495,0;5;"00:00:00"
"24/05/23 16:05:10";;24,7;100,0;495,0;5;"00:00:00"
"24/05/23 16:05:20";;24,7;100,0;495,0;5;"00:00:00"
"24/05/23 16:05:30";;24,7;100,0;495,0;5;"00:00:00"
"24/05/23 16:05:40";;24,7;100,0;495,0;5;"00:00:00"
"24/05/23 16:05:50";;24,7;100,0;495,0;5;"00:00:00"
"24/05/23 16:06:00";;24,7;100,0;495,0;5;"00:00:00"
"24/05/23 16:06:10";;24,7;100,0;495,0;5;"00:00:00"
"24/05/23 16:06:20";;24,7;100,0;495,0;5;"00:00:00"
"24/05/23 16:06:30";;24,6;100,0;495,0;5;"00:00:00"
"24/05/23 16:06:40";;24,6;100,0;495,0;5;"00:00:00"
"24/05/23 16:06:50";;24,6;100,0;495,0;5;"00:00:00"
"24/05/23 16:07:00";;24,6;100,0;495,0;5;"00:00:00"
"24/05/23 16:07:10";;24,6;100,0;495,0;5;"00:00:00"
"24/05/23 16:07:20";;24,7;100,0;495,0;5;"00:00:00"
"24/05/23 16:07:30";;24,7;100,0;495,0;5;"00:00:00"
"24/05/23 16:07:40";;24,7;100,0;495,0;5;"00:00:00"
"24/05/23 16:07:50";;24,7;100,0;495,0;5;"00:00:00"
"24/05/23 16:08:00";;24,7;100,0;495,0;5;"00:00:00"
"24/05/23 16:08:10";;24,7;100,0;495,0;5;"00:00:00"
"24/05/23 16:08:20";;24,7;100,0;495,0;5;"00:00:00"
"24/05/23 16:08:30";;24,7;100,0;495,0;5;"00:00:00"
"24/05/23 16:08:40";;24,7;100,0;495,0;5;"00:00:00"
"24/05/23 16:08:50";;24,7;100,0;495,0;5;"00:00:00"
"24/05/23 16:09:00";;24,6;100,0;495,0;5;"00:00:00"
"24/05/23 16:09:10";;24,6;100,0;495,0;5;"00:00:00"
"24/05/23 16:09:20";;24,6;100,0;495,0;5;"00:00:00"
"24/05/23 16:09:30";;24,6;100,0;495,0;5;"00:00:00"
"24/05/23 16:09:40";;24,6;100,0;495,0;5;"00:00:00"
"24/05/23 16:09:50";;24,6;100,0;495,0;5;"00:00:00"
"24/05/23 16:10:00";;24,6;100,0;495,0;5;"00:00:00"
"24/05/23 16:10:10";;24,7;100,0;495,0;5;"00:00:00"
"24/05/23 16:10:20";;24,6;100,0;495,0;5;"00:00:00"
"24/05/23 16:10:30";;24,6;100,0;495,0;5;"00:00:00"
"24/05/23 16:10:40";;24,6;100,0;495,0;5;"00:00:00"
"24/05/23 16:10:50";;24,6;100,0;495,0;5;"00:00:00"
"24/05/23 16:11:00";;24,6;100,0;495,0;5;"00:00:00"
"24/05/23 16:11:10";;24,6;100,0;495,0;5;"00:00:00"
"24/05/23 16:11:20";;24,6;100,0;495,0;5;"00:00:00"
"24/05/23 16:11:30";;24,6;100,0;495,0;5;"00:00:00"
"24/05/23 16:11:40";;24,6;100,0;495,0;5;"00:00:00"
"24/05/23 16:11:50";;24,6;100,0;495,0;5;"00:00:00"
"24/05/23 16:12:00";;24,6;100,0;495,0;5;"00:00:00"
"24/05/23 16:12:10";;24,6;100,0;495,0;5;"00:00:00"
"24/05/23 16:12:20";;24,6;100,0;495,0;5;"00:00:00"
"24/05/23 16:12:30";;24,6;100,0;495,0;5;"00:00:00"
"24/05/23 16:12:40";;24,6;100,0;495,0;5;"00:00:00"
"24/05/23 16:12:50";;24,6;100,0;495,0;5;"00:00:00"
"24/05/23 16:13:00";;24,6;100,0;495,0;5;"00:00:00"
"24/05/23 16:13:10";;24,6;100,0;495,0;5;"00:00:00"
"24/05/23 16:13:20";;24,6;100,0;495,0;5;"00:00:00"
"24/05/23 16:13:30";;24,6;100,0;495,0;5;"00:00:00"
"24/05/23 16:13:40";;24,6;100,0;495,0;5;"00:00:00"
"24/05/23 16:13:50";;24,6;100,0;495,0;5;"00:00:00"
"24/05/23 16:14:00";;24,6;100,0;495,0;5;"00:00:00"
"24/05/23 16:14:10";;24,6;100,0;495,0;5;"00:00:00"
"24/05/23 16:14:20";;24,6;100,0;495,0;5;"00:00:00"
"24/05/23 16:14:30";;24,6;100,0;495,0;5;"00:00:00"
"24/05/23 16:14:40";;24,6;100,0;495,0;5;"00:00:00"
"24/05/23 16:14:50";;24,6;100,0;495,0;5;"00:00:00"
"24/05/23 16:15:00";;24,6;100,0;495,0;5;"00:00:00"
"24/05/23 16:15:10";;24,6;100,0;495,0;5;"00:00:00"
"24/05/23 16:15:20";;24,6;100,0;495,0;5;"00:00:00"
"24/05/23 16:15:30";;24,6;100,0;495,0;5;"00:00:00"
"24/05/23 16:15:40";;24,6;100,0;495,0;5;"00:00:00"
"24/05/23 16:15:50";;24,6;100,0;495,0;5;"00:00:00"
"24/05/23 16:16:00";;24,5;100,0;495,0;5;"00:00:00"
"24/05/23 16:16:10";;24,5;100,0;495,0;5;"00:00:00"
"24/05/23 16:16:20";;24,6;100,0;495,0;5;"00:00:00"
"24/05/23 16:16:30";;24,6;100,0;495,0;5;"00:00:00"
"24/05/23 16:16:40";;24,6;100,0;495,0;5;"00:00:00"
"24/05/23 16:16:50";;24,6;100,0;495,0;5;"00:00:00"
"24/05/23 16:17:00";;24,6;100,0;495,0;5;"00:00:00"
"24/05/23 16:17:10";;24,5;100,0;495,0;5;"00:00:00"
"24/05/23 16:17:20";;24,5;100,0;495,0;5;"00:00:00"
"24/05/23 16:17:30";;24,5;100,0;495,0;5;"00:00:00"
"24/05/23 16:17:40";;24,5;100,0;495,0;5;"00:00:00"
"24/05/23 16:17:50";;24,5;100,0;495,0;5;"00:00:00"
"24/05/23 16:18:00";;24,5;100,0;495,0;5;"00:00:00"
"24/05/23 16:18:10";;24,5;100,0;495,0;5;"00:00:00"
"24/05/23 16:18:20";;24,5;100,0;495,0;5;"00:00:00"
"24/05/23 16:18:30";;24,5;100,0;495,0;5;"00:00:00"
"24/05/23 16:18:40";;24,5;100,0;495,0;5;"00:00:00"
"24/05/23 16:18:50";;24,5;100,0;495,0;5;"00:00:00"
"24/05/23 16:19:00";;24,5;100,0;495,0;5;"00:00:00"
"24/05/23 16:19:10";;24,5;100,0;495,0;5;"00:00:00"
"24/05/23 16:19:20";;24,5;100,0;495,0;5;"00:00:00"
"24/05/23 16:19:30";;24,5;100,0;495,0;5;"00:00:00"
"24/05/23 16:19:40";;24,5;100,0;495,0;5;"00:00:00"
"24/05/23 16:19:50";;24,5;100,0;495,0;5;"00:00:00"
"24/05/23 16:20:00";;24,5;100,0;495,0;5;"00:00:00"
"24/05/23 16:20:10";;24,5;100,0;495,0;5;"00:00:00"
"24/05/23 16:20:20";;24,5;100,0;495,0;5;"00:00:00"
"24/05/23 16:20:30";;24,5;100,0;495,0;5;"00:00:00"
"24/05/23 16:20:40";;24,5;100,0;495,0;5;"00:00:00"
"24/05/23 16:20:50";;24,5;100,0;495,0;5;"00:00:00"
"24/05/23 16:21:00";;24,5;100,0;495,0;5;"00:00:00"
"24/05/23 16:21:10";;24,5;100,0;495,0;5;"00:00:00"
"24/05/23 16:21:20";;24,5;95,3;495,0;5;"00:00:00"
"24/05/23 16:21:30";;24,5;89,1;495,0;5;"00:00:00"
"24/05/23 16:21:40";;24,5;84,4;495,0;5;"00:00:00"
"24/05/23 16:21:50";;24,5;80,1;495,0;5;"00:00:00"
"24/05/23 16:22:00";;24,5;77,3;495,0;5;"00:00:00"
"24/05/23 16:22:10";;24,5;74,9;495,0;5;"00:00:00"
"24/05/23 16:22:20";;24,5;72,8;495,0;5;"00:00:00"
"24/05/23 16:22:30";;24,5;71,4;495,0;5;"00:00:00"
"24/05/23 16:22:40";;24,5;69,7;495,0;5;"00:00:00"
"24/05/23 16:22:50";;24,5;69,0;495,0;5;"00:00:00"
"24/05/23 16:23:00";;24,4;68,0;495,0;5;"00:00:00"
"24/05/23 16:23:10";;24,4;68,3;495,0;5;"00:00:00"
"24/05/23 16:23:20";;24,4;65,4;495,0;5;"00:00:00"
"24/05/23 16:23:30";;24,4;64,1;495,0;5;"00:00:00"
"24/05/23 16:23:40";;24,4;62,2;495,0;5;"00:00:00"
"24/05/23 16:23:50";;24,4;60,5;495,0;5;"00:00:00"
"24/05/23 16:24:00";;24,4;59,7;495,0;5;"00:00:00"
"24/05/23 16:24:10";;24,4;58,3;495,0;5;"00:00:00"
"24/05/23 16:24:20";;24,4;58,6;495,0;5;"00:00:00"
"24/05/23 16:24:30";;24,4;56,4;495,0;5;"00:00:00"
"24/05/23 16:24:40";;24,4;54,0;495,0;5;"00:00:00"
"24/05/23 16:24:50";;24,4;53,4;495,0;5;"00:00:00"
"24/05/23 16:25:00";;24,4;53,2;495,0;5;"00:00:00"
"24/05/23 16:25:10";;24,5;52,0;495,0;5;"00:00:00"
"24/05/23 16:25:20";;24,4;50,3;495,0;5;"00:00:00"
"24/05/23 16:25:30";;24,4;51,3;495,0;5;"00:00:00"
"24/05/23 16:25:40";;24,4;49,6;495,0;5;"00:00:00"
"24/05/23 16:25:50";;24,4;47,8;495,0;5;"00:00:00"
"24/05/23 16:26:00";;24,4;47,5;495,0;5;"00:00:00"
"24/05/23 16:26:10";;24,4;45,8;495,0;5;"00:00:00"
"24/05/23 16:26:20";;24,4;45,6;495,0;5;"00:00:00"
"24/05/23 16:26:30";;24,4;44,6;495,0;5;"00:00:00"
"24/05/23 16:26:40";;24,4;41,9;495,0;5;"00:00:00"
"24/05/23 16:26:50";;24,4;41,5;495,0;5;"00:00:00"
"24/05/23 16:27:00";;24,4;41,3;495,0;5;"00:00:00"
"24/05/23 16:27:10";;24,4;40,4;495,0;5;"00:00:00"
"24/05/23 16:27:20";;24,4;39,2;495,0;5;"00:00:00"
"24/05/23 16:27:30";;24,4;38,7;495,0;5;"00:00:00"
"24/05/23 16:27:40";;24,4;40,3;495,0;5;"00:00:00"
"24/05/23 16:27:50";;24,4;38,6;495,0;5;"00:00:00"
"24/05/23 16:28:00";;24,4;36,8;495,0;5;"00:00:00"
"24/05/23 16:28:10";;24,4;37,5;495,0;5;"00:00:00"
"24/05/23 16:28:20";;24,4;35,8;495,0;5;"00:00:00"
"24/05/23 16:28:30";;24,4;37,4;495,0;5;"00:00:00"
"24/05/23 16:28:40";;24,4;34,5;495,0;5;"00:00:00"
"24/05/23 16:28:50";;24,4;35,9;495,0;5;"00:00:00"
"24/05/23 16:29:00";;24,4;34,3;495,0;5;"00:00:00"
"24/05/23 16:29:10";;24,4;32,9;495,0;5;"00:00:00"
"24/05/23 16:29:20";;24,4;34,4;495,0;5;"00:00:00"
"24/05/23 16:29:30";;24,4;34,4;495,0;5;"00:00:00"
"24/05/23 16:29:40";;24,4;33,8;495,0;5;"00:00:00"
"24/05/23 16:29:50";;24,4;31,4;495,0;5;"00:00:00"
"24/05/23 16:30:00";;24,4;31,5;495,0;5;"00:00:00"
"24/05/23 16:30:10";;24,4;31,9;495,0;5;"00:00:00"
"24/05/23 16:30:20";;24,3;31,9;495,0;5;"00:00:00"
"24/05/23 16:30:30";;24,4;31,2;495,0;5;"00:00:00"
"24/05/23 16:30:40";;24,4;30,0;495,0;5;"00:00:00"
"24/05/23 16:30:50";;24,4;30,5;495,0;5;"00:00:00"
"24/05/23 16:31:00";;24,4;29,2;495,0;5;"00:00:00"
"24/05/23 16:31:10";;24,4;29,0;495,0;5;"00:00:00"
"24/05/23 16:31:20";;24,4;28,9;495,0;5;"00:00:00"
"24/05/23 16:31:30";;24,4;30,5;495,0;5;"00:00:00"
"24/05/23 16:31:40";;24,4;30,4;495,0;5;"00:00:00"
"24/05/23 16:31:50";;24,3;29,5;495,0;5;"00:00:00"
"24/05/23 16:32:00";;24,3;27,8;495,0;5;"00:00:00"
"24/05/23 16:32:10";;24,3;27,9;495,0;5;"00:00:00"
"24/05/23 16:32:20";;24,3;28,3;495,0;5;"00:00:00"
"24/05/23 16:32:30";;24,3;28,2;495,0;5;"00:00:00"
"24/05/23 16:32:40";;24,3;27,8;495,0;5;"00:00:00"
"24/05/23 16:32:50";;24,3;27,3;495,0;5;"00:00:00"
"24/05/23 16:33:00";;24,3;26,5;495,0;5;"00:00:00"
"24/05/23 16:33:10";;24,3;26,6;495,0;5;"00:00:00"
"24/05/23 16:33:20";;24,3;26,3;495,0;5;"00:00:00"
"24/05/23 16:33:30";;24,3;25,9;495,0;5;"00:00:00"
"24/05/23 16:33:40";;24,3;25,9;495,0;5;"00:00:00"
"24/05/23 16:33:50";;24,4;26,2;495,0;5;"00:00:00"
"24/05/23 16:34:00";;24,3;25,7;495,0;5;"00:00:00"
"24/05/23 16:34:10";;24,3;26,0;495,0;5;"00:00:00"
"24/05/23 16:34:20";;24,3;26,3;495,0;5;"00:00:00"
"24/05/23 16:34:30";;24,3;26,2;495,0;5;"00:00:00"
"24/05/23 16:34:40";;24,3;25,3;495,0;5;"00:00:00"
"24/05/23 16:34:50";;24,3;25,6;495,0;5;"00:00:00"
"24/05/23 16:35:00";;24,3;25,2;495,0;5;"00:00:00"
"24/05/23 16:35:10";;24,3;25,5;495,0;5;"00:00:00"
"24/05/23 16:35:20";;24,3;26,0;495,0;5;"00:00:00"
"24/05/23 16:35:30";;24,3;25,7;495,0;5;"00:00:00"
"24/05/23 16:35:40";;24,3;24,8;495,0;5;"00:00:00"
"24/05/23 16:35:50";;24,3;24,8;495,0;5;"00:00:00"
"24/05/23 16:36:00";;24,3;24,5;495,0;5;"00:00:00"
"24/05/23 16:36:10";;24,3;24,0;495,0;5;"00:00:00"
"24/05/23 16:36:20";;24,3;23,7;495,0;5;"00:00:00"
"24/05/23 16:36:30";;24,3;23,6;495,0;5;"00:00:00"
"24/05/23 16:36:40";;24,3;24,1;495,0;5;"00:00:00"
"24/05/23 16:36:50";;24,3;24,8;495,0;5;"00:00:00"
"24/05/23 16:37:00";;24,3;25,1;495,0;5;"00:00:00"
"24/05/23 16:37:10";;24,3;24,9;495,0;5;"00:00:00"
"24/05/23 16:37:20";;24,3;24,0;495,0;5;"00:00:00"
"24/05/23 16:37:30";;24,3;23,3;495,0;5;"00:00:00"
"24/05/23 16:37:40";;24,3;23,1;495,0;5;"00:00:00"
"24/05/23 16:37:50";;24,3;22,8;495,0;5;"00:00:00"
"24/05/23 16:38:00";;24,2;22,6;495,0;5;"00:00:00"
"24/05/23 16:38:10";;24,2;23,6;495,0;5;"00:00:00"
"24/05/23 16:38:20";;24,2;23,1;495,0;5;"00:00:00"
"24/05/23 16:38:30";;24,2;24,6;495,0;5;"00:00:00"
"24/05/23 16:38:40";;24,3;23,4;495,0;5;"00:00:00"
"24/05/23 16:38:50";;24,2;23,6;495,0;5;"00:00:00"
"24/05/23 16:39:00";;24,3;23,6;495,0;5;"00:00:00"
"24/05/23 16:39:10";;24,2;23,1;495,0;5;"00:00:00"
"24/05/23 16:39:20";;24,2;23,1;495,0;5;"00:00:00"
"24/05/23 16:39:30";;24,2;22,7;495,0;5;"00:00:00"
"24/05/23 16:39:40";;24,2;22,3;495,0;5;"00:00:00"
"24/05/23 16:39:50";;24,2;22,5;495,0;5;"00:00:00"
"24/05/23 16:40:00";;24,2;22,8;495,0;5;"00:00:00"
"24/05/23 16:40:10";;24,2;22,6;495,0;5;"00:00:00"
"24/05/23 16:40:20";;24,2;23,0;495,0;5;"00:00:00"
"24/05/23 16:40:30";;24,3;23,4;495,0;5;"00:00:00"
"24/05/23 16:40:40";;24,2;23,4;495,0;5;"00:00:00"
"24/05/23 16:40:50";;24,2;22,6;495,0;5;"00:00:00"
"24/05/23 16:41:00";;24,2;23,4;495,0;5;"00:00:00"
"24/05/23 16:41:10";;24,2;22,3;495,0;5;"00:00:00"
"24/05/23 16:41:20";;24,2;23,7;495,0;5;"00:00:00"
"24/05/23 16:41:30";;24,2;21,8;495,0;5;"00:00:00"
"24/05/23 16:41:40";;24,2;22,6;495,0;5;"00:00:00"
"24/05/23 16:41:50";;24,2;23,0;495,0;5;"00:00:00"
"24/05/23 16:42:00";;24,2;22,4;495,0;5;"00:00:00"
"24/05/23 16:42:10";;24,2;22,2;495,0;5;"00:00:00"
"24/05/23 16:42:20";;24,2;22,0;495,0;5;"00:00:00"
"24/05/23 16:42:30";;24,2;22,0;495,0;5;"00:00:00"
"24/05/23 16:42:40";;24,2;21,9;495,0;5;"00:00:00"
"24/05/23 16:42:50";;24,2;21,8;495,0;5;"00:00:00"
"24/05/23 16:43:00";;24,2;21,6;495,0;5;"00:00:00"
"24/05/23 16:43:10";;24,2;21,5;495,0;5;"00:00:00"
"24/05/23 16:43:20";;24,2;21,9;495,0;5;"00:00:00"
"24/05/23 16:43:30";;24,2;23,6;495,0;5;"00:00:00"
"24/05/23 16:43:40";;24,2;22,4;495,0;5;"00:00:00"
"24/05/23 16:43:50";;24,2;22,4;495,0;5;"00:00:00"
"24/05/23 16:44:00";;24,2;22,1;495,0;5;"00:00:00"
"24/05/23 16:44:10";;24,2;21,6;495,0;5;"00:00:00"
"24/05/23 16:44:20";;24,2;22,1;495,0;5;"00:00:00"
"24/05/23 16:44:30";;24,2;21,4;495,0;5;"00:00:00"
"24/05/23 16:44:40";;24,1;21,5;495,0;5;"00:00:00"
"24/05/23 16:44:50";;24,2;22,2;495,0;5;"00:00:00"
"24/05/23 16:45:00";;24,1;23,1;495,0;5;"00:00:00"
"24/05/23 16:45:10";;24,2;23,1;495,0;5;"00:00:00"
"24/05/23 16:45:20";;24,2;22,5;495,0;5;"00:00:00"
"24/05/23 16:45:30";;24,2;21,7;495,0;5;"00:00:00"
"24/05/23 16:45:40";;24,2;22,1;495,0;5;"00:00:00"
"24/05/23 16:45:50";;24,2;21,7;495,0;5;"00:00:00"
"24/05/23 16:46:00";;24,1;21,5;495,0;5;"00:00:00"
"24/05/23 16:46:10";;24,2;21,3;495,0;5;"00:00:00"
"24/05/23 16:46:20";;24,2;21,3;495,0;5;"00:00:00"
"24/05/23 16:46:30";;24,2;20,3;495,0;5;"00:00:00"
"24/05/23 16:46:40";;24,2;21,1;495,0;5;"00:00:00"
"24/05/23 16:46:50";;24,1;21,7;495,0;5;"00:00:00"
"24/05/23 16:47:00";;24,1;21,5;495,0;5;"00:00:00"
"24/05/23 16:47:10";;24,1;20,9;495,0;5;"00:00:00"
"24/05/23 16:47:20";;24,1;20,5;495,0;5;"00:00:00"
"24/05/23 16:47:30";;24,1;20,9;495,0;5;"00:00:00"
"24/05/23 16:47:40";;24,1;21,7;495,0;5;"00:00:00"
"24/05/23 16:47:50";;24,1;21,2;495,0;5;"00:00:00"
"24/05/23 16:48:00";;24,1;21,8;495,0;5;"00:00:00"
"24/05/23 16:48:10";;24,1;20,7;495,0;5;"00:00:00"
"24/05/23 16:48:20";;24,1;21,2;495,0;5;"00:00:00"
"24/05/23 16:48:30";;24,1;21,1;495,0;5;"00:00:00"
"24/05/23 16:48:40";;24,1;21,4;495,0;5;"00:00:00"
"24/05/23 16:48:50";;24,1;21,5;495,0;5;"00:00:00"
"24/05/23 16:49:00";;24,1;21,4;495,0;5;"00:00:00"
"24/05/23 16:49:10";;24,1;20,9;495,0;5;"00:00:00"
"24/05/23 16:49:20";;24,1;20,9;495,0;5;"00:00:00"
"24/05/23 16:49:30";;24,1;21,2;495,0;5;"00:00:00"
"24/05/23 16:49:40";;24,1;21,1;495,0;5;"00:00:00"
"24/05/23 16:49:50";;24,1;20,9;495,0;5;"00:00:00"
"24/05/23 16:50:00";;24,1;21,0;495,0;5;"00:00:00"
"24/05/23 16:50:10";;24,1;21,0;495,0;5;"00:00:00"
"24/05/23 16:50:20";;24,1;20,8;495,0;5;"00:00:00"
"24/05/23 16:50:30";;24,1;21,0;495,0;5;"00:00:00"
"24/05/23 16:50:40";;24,1;20,3;495,0;5;"00:00:00"
"24/05/23 16:50:50";;24,1;20,8;495,0;5;"00:00:00"
"24/05/23 16:51:00";;24,1;20,6;495,0;5;"00:00:00"
"24/05/23 16:51:10";;24,1;21,2;495,0;5;"00:00:00"
"24/05/23 16:51:20";;24,1;20,9;495,0;5;"00:00:00"
"24/05/23 16:51:30";;24,0;20,6;495,0;5;"00:00:00"
"24/05/23 16:51:40";;24,0;20,6;495,0;5;"00:00:00"
"24/05/23 16:51:50";;24,0;20,1;495,0;5;"00:00:00"
"24/05/23 16:52:00";;24,0;21,1;495,0;5;"00:00:00"
"24/05/23 16:52:10";;24,0;20,1;495,0;5;"00:00:00"
"24/05/23 16:52:20";;24,1;20,5;495,0;5;"00:00:00"
"24/05/23 16:52:30";;24,1;19,1;495,0;5;"00:00:00"
"24/05/23 16:52:40";;24,1;20,9;495,0;5;"00:00:00"
"24/05/23 16:52:50";;24,1;19,7;495,0;5;"00:00:00"
"24/05/23 16:53:00";;24,0;20,3;495,0;5;"00:00:00"
"24/05/23 16:53:10";;24,0;19,8;495,0;5;"00:00:00"
"24/05/23 16:53:20";;24,0;19,4;495,0;5;"00:00:00"
"24/05/23 16:53:30";;24,0;20,8;495,0;5;"00:00:00"
"24/05/23 16:53:40";;24,1;21,5;495,0;5;"00:00:00"
"24/05/23 16:53:50";;24,1;19,4;495,0;5;"00:00:00"
"24/05/23 16:54:00";;24,0;19,0;495,0;5;"00:00:00"
"24/05/23 16:54:10";;24,0;20,5;495,0;5;"00:00:00"
"24/05/23 16:54:20";;24,0;19,2;495,0;5;"00:00:00"
"24/05/23 16:54:30";;24,0;20,9;495,0;5;"00:00:00"
"24/05/23 16:54:40";;24,1;21,4;495,0;5;"00:00:00"
"24/05/23 16:54:50";;24,1;20,1;495,0;5;"00:00:00"
"24/05/23 16:55:00";;24,0;20,2;495,0;5;"00:00:00"
"24/05/23 16:55:10";;24,1;20,7;495,0;5;"00:00:00"
"24/05/23 16:55:20";;24,0;19,7;495,0;5;"00:00:00"
"24/05/23 16:55:30";;24,1;20,2;495,0;5;"00:00:00"
"24/05/23 16:55:40";;24,0;19,9;495,0;5;"00:00:00"
"24/05/23 16:55:50";;24,0;19,2;495,0;5;"00:00:00"
"24/05/23 16:56:00";;24,1;19,6;495,0;5;"00:00:00"
"24/05/23 16:56:10";;24,0;20,4;495,0;5;"00:00:00"
"24/05/23 16:56:20";;24,0;20,9;495,0;5;"00:00:00"
"24/05/23 16:56:30";;24,0;20,4;495,0;5;"00:00:00"
"24/05/23 16:56:40";;24,1;20,9;495,0;5;"00:00:00"
"24/05/23 16:56:50";;24,1;20,5;495,0;5;"00:00:00"
"24/05/23 16:57:00";;24,1;21,1;495,0;5;"00:00:00"
"24/05/23 16:57:10";;24,1;20,6;495,0;5;"00:00:00"
"24/05/23 16:57:20";;24,1;19,6;495,0;5;"00:00:00"
"24/05/23 16:57:30";;24,1;20,2;495,0;5;"00:00:00"
"24/05/23 16:57:40";;24,1;20,9;495,0;5;"00:00:00"
"24/05/23 16:57:50";;24,1;20,0;495,0;5;"00:00:00"
"24/05/23 16:58:00";;24,1;19,8;495,0;5;"00:00:00"
"24/05/23 16:58:10";;24,1;19,3;495,0;5;"00:00:00"
"24/05/23 16:58:20";;24,1;20,4;495,0;5;"00:00:00"
"24/05/23 16:58:30";;24,1;18,6;495,0;5;"00:00:00"
"24/05/23 16:58:40";;24,1;20,6;495,0;5;"00:00:00"
"24/05/23 16:58:50";;24,1;20,2;495,0;5;"00:00:00"
"24/05/23 16:59:00";;24,1;20,3;495,0;5;"00:00:00"
"24/05/23 16:59:10";;24,1;20,2;495,0;5;"00:00:00"
"24/05/23 16:59:20";;24,1;20,7;495,0;5;"00:00:00"
"24/05/23 16:59:30";;24,1;21,2;495,0;5;"00:00:00"
"24/05/23 16:59:40";;24,1;20,6;495,0;5;"00:00:00"
"24/05/23 16:59:48.25";"24/05/23 16:59:48 Temps de transfert 00:00:05"
"24/05/23 16:59:50";;24,1;100,0;495,0;5;"00:00:05"
"24/05/23 17:00:00";;25,1;100,0;495,0;5;"00:00:05"
"24/05/23 17:00:10";;26,0;100,0;495,0;5;"00:00:05"
"24/05/23 17:00:20";;26,3;100,0;495,0;5;"00:00:05"
"24/05/23 17:00:30";;26,4;100,0;495,0;5;"00:00:05"
"24/05/23 17:00:40";;25,6;100,0;495,0;5;"00:00:05"
"24/05/23 17:00:50";;25,1;100,0;495,0;5;"00:00:05"
"24/05/23 17:01:00";;25,1;100,0;495,0;5;"00:00:05"
"24/05/23 17:01:10";;25,4;100,0;495,0;5;"00:00:05"
"24/05/23 17:01:20";;25,7;100,0;495,0;5;"00:00:05"
"24/05/23 17:01:30";;25,8;100,0;495,0;5;"00:00:05"
"24/05/23 17:01:40";;25,8;100,0;495,0;5;"00:00:05"
"24/05/23 17:01:50";;25,9;100,0;495,0;5;"00:00:05"
"24/05/23 17:01:52.125";"24/05/23 17:01:52 Arrêt lot (Automatique)"
"24/05/23 17:01:52.125";"24/05/23 17:01:52 N° OF 357701-350531-351832--5686OFF"
"24/05/23 17:01:52.125";;25,9;100,0;495,0;5;"00:00:05"
